Qwoddy,s.jpg
Jareth Sterns,s.jpg
Ella,Ellasmall.jpg
Cody Clevenger,Codysmall.jpg
Miss Kitty,MissKitty.jpg
Noche,Noche.jpg
Purriwinkle Mahaney,Purriwinkle.jpg
Sandy Poe,Sandy.jpg
Mr. Sparkles,Sparkles.jpg
Hobbes,Hobbessmall.jpg
Mini,Minismall.jpg
Bailey Loseke,Bailey.jpg
Shadow Subert,Shadow.jpg
Fuzzle Guimera,Fuzzlesmall.jpg
Lilly Beall,Lillysmall.jpg
B-C Devaul,BC.jpg
Bandit Desai,Banditsmall.jpg
Duffy and D-O-G,DuffyDOG.jpg